<?xml version="1.0" encoding="UTF-8"?>
<project-private xmlns="http://www.netbeans.org/ns/project-private/1">
    <data xmlns="http://www.netbeans.org/ns/make-project-private/1">
        <activeConfTypeElem>1</activeConfTypeElem>
        <activeConfIndexElem>0</activeConfIndexElem>
    </data>
    <editor-bookmarks xmlns="http://www.netbeans.org/ns/editor-bookmarks/2" lastBookmarkId="0"/>
    <open-files xmlns="http://www.netbeans.org/ns/projectui-open-files/2">
        <group>
            <file>file:/C:/Users/derek/Desktop/17aPro2/pro217a/Fiend.cpp</file>
            <file>file:/C:/Users/derek/Desktop/17aPro2/pro217a/Introspection.cpp</file>
            <file>file:/C:/Users/derek/Desktop/17aPro2/pro217a/Ghoul.cpp</file>
            <file>file:/C:/Users/derek/Desktop/17aPro2/pro217a/Enemy.cpp</file>
            <file>file:/C:/Users/derek/Desktop/17aPro2/pro217a/main.cpp</file>
            <file>file:/C:/Users/derek/Desktop/17aPro2/pro217a/Character.cpp</file>
            <file>file:/C:/Users/derek/Desktop/17aPro2/pro217a/Harmony.cpp</file>
            <file>file:/C:/Users/derek/Desktop/17aPro2/pro217a/Spellbinder.cpp</file>
        </group>
    </open-files>
</project-private>
