<?xml version="1.0" encoding="UTF-8"?>
<configurationDescriptor version="95">
  <logicalFolder name="root" displayName="root" projectFiles="true" kind="ROOT">
    <logicalFolder name="HeaderFiles"
                   displayName="Header Files"
                   projectFiles="true">
      <itemPath>Character.h</itemPath>
      <itemPath>Enemy.h</itemPath>
      <itemPath>Enums.h</itemPath>
      <itemPath>Fiend.h</itemPath>
      <itemPath>Ghoul.h</itemPath>
      <itemPath>Harmony.h</itemPath>
      <itemPath>Introspection.h</itemPath>
      <itemPath>Player.h</itemPath>
      <itemPath>Spellbinder.h</itemPath>
      <itemPath>Vec.h</itemPath>
    </logicalFolder>
    <logicalFolder name="ResourceFiles"
                   displayName="Resource Files"
                   projectFiles="true">
    </logicalFolder>
    <logicalFolder name="SourceFiles"
                   displayName="Source Files"
                   projectFiles="true">
      <itemPath>Character.cpp</itemPath>
      <itemPath>Enemy.cpp</itemPath>
      <itemPath>Fiend.cpp</itemPath>
      <itemPath>Ghoul.cpp</itemPath>
      <itemPath>Harmony.cpp</itemPath>
      <itemPath>Introspection.cpp</itemPath>
      <itemPath>Spellbinder.cpp</itemPath>
      <itemPath>main.cpp</itemPath>
    </logicalFolder>
    <logicalFolder name="TestFiles"
                   displayName="Test Files"
                   projectFiles="false"
                   kind="TEST_LOGICAL_FOLDER">
    </logicalFolder>
    <logicalFolder name="ExternalFiles"
                   displayName="Important Files"
                   projectFiles="false"
                   kind="IMPORTANT_FILES_FOLDER">
      <itemPath>Makefile</itemPath>
    </logicalFolder>
  </logicalFolder>
  <projectmakefile>Makefile</projectmakefile>
  <confs>
    <conf name="Debug" type="1">
      <toolsSet>
        <compilerSet>default</compilerSet>
        <dependencyChecking>true</dependencyChecking>
        <rebuildPropChanged>false</rebuildPropChanged>
      </toolsSet>
      <compileType>
      </compileType>
      <item path="Character.cpp" ex="false" tool="1" flavor2="0">
      </item>
      <item path="Character.h" ex="false" tool="3" flavor2="0">
      </item>
      <item path="Enemy.cpp" ex="false" tool="1" flavor2="0">
      </item>
      <item path="Enemy.h" ex="false" tool="3" flavor2="0">
      </item>
      <item path="Enums.h" ex="false" tool="3" flavor2="0">
      </item>
      <item path="Fiend.cpp" ex="false" tool="1" flavor2="0">
      </item>
      <item path="Fiend.h" ex="false" tool="3" flavor2="0">
      </item>
      <item path="Ghoul.cpp" ex="false" tool="1" flavor2="0">
      </item>
      <item path="Ghoul.h" ex="false" tool="3" flavor2="0">
      </item>
      <item path="Harmony.cpp" ex="false" tool="1" flavor2="0">
      </item>
      <item path="Harmony.h" ex="false" tool="3" flavor2="0">
      </item>
      <item path="Introspection.cpp" ex="false" tool="1" flavor2="0">
      </item>
      <item path="Introspection.h" ex="false" tool="3" flavor2="0">
      </item>
      <item path="Player.h" ex="false" tool="3" flavor2="0">
      </item>
      <item path="Spellbinder.cpp" ex="false" tool="1" flavor2="0">
      </item>
      <item path="Spellbinder.h" ex="false" tool="3" flavor2="0">
      </item>
      <item path="Vec.h" ex="false" tool="3" flavor2="0">
      </item>
      <item path="main.cpp" ex="false" tool="1" flavor2="0">
      </item>
    </conf>
    <conf name="Release" type="1">
      <toolsSet>
        <compilerSet>default</compilerSet>
        <dependencyChecking>true</dependencyChecking>
        <rebuildPropChanged>false</rebuildPropChanged>
      </toolsSet>
      <compileType>
        <cTool>
          <developmentMode>5</developmentMode>
        </cTool>
        <ccTool>
          <developmentMode>5</developmentMode>
        </ccTool>
        <fortranCompilerTool>
          <developmentMode>5</developmentMode>
        </fortranCompilerTool>
        <asmTool>
          <developmentMode>5</developmentMode>
        </asmTool>
      </compileType>
      <item path="Character.cpp" ex="false" tool="1" flavor2="0">
      </item>
      <item path="Character.h" ex="false" tool="3" flavor2="0">
      </item>
      <item path="Enemy.cpp" ex="false" tool="1" flavor2="0">
      </item>
      <item path="Enemy.h" ex="false" tool="3" flavor2="0">
      </item>
      <item path="Enums.h" ex="false" tool="3" flavor2="0">
      </item>
      <item path="Fiend.cpp" ex="false" tool="1" flavor2="0">
      </item>
      <item path="Fiend.h" ex="false" tool="3" flavor2="0">
      </item>
      <item path="Ghoul.cpp" ex="false" tool="1" flavor2="0">
      </item>
      <item path="Ghoul.h" ex="false" tool="3" flavor2="0">
      </item>
      <item path="Harmony.cpp" ex="false" tool="1" flavor2="0">
      </item>
      <item path="Harmony.h" ex="false" tool="3" flavor2="0">
      </item>
      <item path="Introspection.cpp" ex="false" tool="1" flavor2="0">
      </item>
      <item path="Introspection.h" ex="false" tool="3" flavor2="0">
      </item>
      <item path="Player.h" ex="false" tool="3" flavor2="0">
      </item>
      <item path="Spellbinder.cpp" ex="false" tool="1" flavor2="0">
      </item>
      <item path="Spellbinder.h" ex="false" tool="3" flavor2="0">
      </item>
      <item path="Vec.h" ex="false" tool="3" flavor2="0">
      </item>
      <item path="main.cpp" ex="false" tool="1" flavor2="0">
      </item>
    </conf>
  </confs>
</configurationDescriptor>
